{"quantidade_elementos": 3000, "tempos": [[3.054439, 3.348744, 3.146253, 3.6306], [6.281131, 5.802697, 5.747015, 5.782404], [8.975118, 8.533323, 8.467859, 9.471613], [11.527955, 11.566445, 11.305312, 10.694125], [13.782584, 13.910501, 14.705887, 15.256841], [16.981707, 16.291857, 15.117284, 16.29761], [17.961734, 19.773584, 19.084171, 17.555442], [20.334235, 26.322491, 23.047828, 24.504971], [27.353479, 27.876845, 30.647925, 36.007662], [32.093711, 31.443014, 31.724413, 32.540442], [34.067358, 36.455778, 36.750266, 37.403419], [38.894561, 40.71407, 38.042124, 37.329007], [40.953155, 41.658991, 51.343957, 52.085207], [55.96673, 62.737708, 62.905516, 66.181064], [66.366658, 55.897927, 57.559365, 63.798473], [60.46526, 66.314098, 78.03576, 74.351434], [64.39567, 67.350904, 70.626797, 66.350353], [66.873348, 60.28941, 61.660628, 62.160894], [63.332727, 71.052906, 69.782736, 66.033449], [65.923343, 65.454439, 67.555325, 66.785777], [88.056817, 81.130178, 73.230629, 74.241277], [76.95064, 76.707859, 71.718984, 83.300234], [97.100775, 93.961515, 91.646091, 95.629922]]}