{"quantidade_elementos": 3000, "tempos": [[8.284647, 9.51474, 8.597457, 8.594161], [16.474626, 16.088345, 15.899533, 15.003812], [23.217409, 24.528999, 29.614306, 32.55538], [39.029579, 37.856295, 38.544696, 38.018802], [45.094156, 43.866912, 45.991223, 42.48841], [56.080684, 54.083959, 53.563167, 53.76789], [59.496705, 60.337434, 57.384586, 61.276144], [67.12401, 70.751326, 68.464408, 73.631987], [81.496333, 80.52756, 84.580004, 88.353934], [95.966258, 96.114806, 96.925778, 101.808586], [111.075723, 110.521579, 105.762399, 108.654294], [115.042867, 115.963454, 119.184415, 117.627802], [124.116266, 120.739191, 122.427326, 121.502507], [124.885689, 129.595531, 125.84524, 127.681903], [132.387098, 133.21983, 134.281236, 135.635982], [137.712819, 141.6162, 136.695191, 145.192674], [142.592336, 149.962589, 144.640397, 142.288927], [154.446847, 150.862797, 153.714402, 152.542562], [157.407606, 154.766579, 157.460574, 157.131974], [162.898993, 168.132307, 163.27044, 165.188623], [174.689881, 184.668258, 173.653792, 187.20884], [227.623241, 210.247256, 205.173476, 204.068615], [208.201687, 210.958246, 213.498339, 211.371138]]}