{
    "valores_execucao": {
        "valor_inicial": 95000,
        "valor_final": 100000,
        "valor_max": 100000,
        "quantidade_subprocessos": 6
    },
    "valor_final_10000_6": {
        "valor_final": 10000,
        "postgres": [
            
            171.133611,
            186.470457
        ],
        "mariadb": [
            
            153.825543,
            188.26439
        ],
        "subprocessos": 6
    },
    "valor_final_15000_6": {
        "valor_final": 15000,
        "postgres": [
            
            401.709396,
            201.433754
        ],
        "mariadb": [
            
            243.198251,
            279.08101
        ],
        "subprocessos": 6
    },
    "valor_final_20000_6": {
        "valor_final": 20000,
        "postgres": [
            
            387.947684,
            321.796146
        ],
        "mariadb": [
            
            317.675295,
            381.606773
        ],
        "subprocessos": 6
    },
    "valor_final_25000_6": {
        "valor_final": 25000,
        "postgres": [
            
            1133.162035,
            337.247431
        ],
        "mariadb": [
            
            382.832051,
            486.232002
        ],
        "subprocessos": 6
    },
    "valor_final_30000_6": {
        "valor_final": 30000,
        "postgres": [
            
            590.832805,
            559.989131
        ],
        "mariadb": [
            
            498.537073,
            586.097138
        ],
        "subprocessos": 6
    },
    "valor_final_35000_6": {
        "valor_final": 35000,
        "postgres": [
            
            853.69359,
            545.781869
        ],
        "mariadb": [
            
            569.599429,
            689.559133
        ],
        "subprocessos": 6
    },
    "valor_final_40000_6": {
        "valor_final": 40000,
        "postgres": [
            
            747.078449,
            1095.889554
        ],
        "mariadb": [
            
            653.381696,
            799.869389
        ],
        "subprocessos": 6
    },
    "valor_final_45000_6": {
        "valor_final": 45000,
        "postgres": [
            
            789.074237,
            968.60459
        ],
        "mariadb": [
            
            785.796885,
            931.94648
        ],
        "subprocessos": 6
    },
    "valor_final_50000_6": {
        "valor_final": 50000,
        "postgres": [
            
            1352.813074,
            894.772821
        ],
        "mariadb": [
            
            874.021978,
            1047.632222
        ],
        "subprocessos": 6
    },
    "valor_final_55000_6": {
        "valor_final": 55000,
        "postgres": [
            
            1241.176487,
            1216.188386
        ],
        "mariadb": [
            
            1030.514295,
            1136.516706
        ],
        "subprocessos": 6
    },
    "valor_final_60000_6": {
        "valor_final": 60000,
        "postgres": [
            
            933.086559,
            1726.964803
        ],
        "mariadb": [
            
            1042.232418,
            1263.570293
        ],
        "subprocessos": 6
    },
    "valor_final_65000_6": {
        "valor_final": 65000,
        "postgres": [
            
            1635.668659,
            1833.487243
        ],
        "mariadb": [
            
            1187.934009,
            1375.982095
        ],
        "subprocessos": 6
    },
    "valor_final_70000_6": {
        "valor_final": 70000,
        "postgres": [
            
            1460.822796,
            1611.94235
        ],
        "mariadb": [
            
            1241.039743,
            1544.746346
        ],
        "subprocessos": 6
    },
    "valor_final_75000_6": {
        "valor_final": 75000,
        "postgres": [
            
            1551.729957,
            2106.938989
        ],
        "mariadb": [
            
            1300.312741,
            1691.531318
        ],
        "subprocessos": 6
    },
    "valor_final_80000_6": {
        "valor_final": 80000,
        "postgres": [
            
            1223.388427,
            2604.214658
        ],
        "mariadb": [
            
            1437.452454,
            1805.315266
        ],
        "subprocessos": 6
    },
    "valor_final_85000_6": {
        "valor_final": 85000,
        "postgres": [
            
            1845.502418,
            2254.444143
        ],
        "mariadb": [
            
            1670.240114,
            2074.495035
        ],
        "subprocessos": 6
    },
    "valor_final_90000_6": {
        "valor_final": 90000,
        "postgres": [
            
            3673.391854,
            1970.500305
        ],
        "mariadb": [
            
            1620.40629,
            2105.784897
        ],
        "subprocessos": 6
    },
    "valor_final_95000_6": {
        "valor_final": 95000,
        "postgres": [
            
            1973.239784,
            2751.00068
        ],
        "mariadb": [
            
            1864.262318,
            2099.282929
        ],
        "subprocessos": 6
    },
    "valor_final_100000_6": {
        "valor_final": 100000,
        "postgres": [
            
            5425.665923,
            2080.023148
        ],
        "mariadb": [
            
            2328.827997,
            2337.121172
        ],
        "subprocessos": 6
    }
}
